sequence,label
CTGGAAAT,0
GGATTAAA,0
CGCCGACC,0
CTAGGAGA,0
ATTTCAGC,0
ACATCGCG,0
GATTTTGT,0
AAACCCTC,0
CGATATTA,0
ATGGTACA,0
TGCACCGG,0
TCAGTGTC,0
GCAAAGCG,0
TACTAACA,0
TTGTTATG,0
TTCAACTT,0
AGCAACTC,0
GGCTTCCC,0
CAGGACTA,0
ACTAGTAG,0
CGGGATCA,0
AGGAGAGA,0
GCTACATT,0
CGTGGAAT,0
TGCCGTTT,0
GAATGAAG,0
AAGGGAGA,0
CGGTGGAC,0
CATCTGTG,0
GCAGCAGA,0
TTTCATCT,0
TTCCTCAG,0
TGGAGTAG,0
TGGGCCTT,0
TTGGTGGT,0
TCCAGACG,0
CGAATCAG,0
TAGAAGGG,0
GTGCTCCA,0
ATTGCAAC,0
GGGCTGGG,0
CACTAAAA,0
TGCACCAC,0
CGGACGGT,0
GAAGAGTG,0
CGCGTCTT,0
AAAAAGAC,0
TATCAGGT,0
GTCATTTC,0
CTCTTCTT,0
ATGTCTCA,0
TACTTGGC,0
CCGTTTAC,0
AGCTCAAT,0
GAAGATGA,0
ATCCTTTT,0
CATGCTAC,0
ACAAAGGG,0
TCCTATAT,0
ATGTAGTG,0
GGCGGTAC,0
TTCGCACC,0
GATTGGCT,0
GATTTGGC,0
TTAACTTA,0
GCTTTCCC,0
ATTTTGTT,0
TACATGAG,0
GCAGGTGT,0
GGTCAATG,0
GAAACGCC,0
TCGTCGTT,0
ATCCCTCC,0
GAAAAAAG,0
ACTCGAAA,0
ACAAACAC,0
GGATGATT,0
ACTGAACC,0
GCCGACGT,0
GGACGACC,0
ACACATGG,0
TCAGGGCA,0
CCGGCTGA,0
AAAAACAT,0
AGCTACTT,0
TCAGTGGC,0
TACCGAAG,0
CGACGACA,0
ATCTCGTG,0
CCCTTTAG,0
TAAGGTAT,0
AAATGGCT,0
CTCCCCGG,0
ATCGTGAT,0
GCATGGTT,0
ACAGAGTT,0
CTATACTA,0
AGGGGGCC,0
ATGCCTAG,0
GGATTGGT,0
GAGGCGTT,0
CATTATTG,0
GCACTACC,0
GTCCGCAC,0
AACCTCGG,0
AGATACAT,0
GGAGATAA,0
ACGATCGC,0
CGAATTCC,0
GCAAGGAA,0
AGAATAGA,0
AAGTTCGA,0
CTAAAAAG,0
CTTCCCGC,0
GCGCCTTA,0
TCTTCACG,0
GCATTGAC,0
ATAGCGGT,0
AAATTGGG,0
ATCCGAAG,0
AGACCCGC,0
GCGTGAAC,0
GACGCTAA,0
GCGCATTG,0
CGCATATC,0
AGTGTGGT,0
ACATTAGT,0
AGTAGCTT,0
TCTTCTAG,0
AAAGCGAC,0
GTCGTGAA,0
TATGTTTC,0
TCCGTTTC,0
CGAACCCA,0
AATCCGAT,0
TACTTCGA,0
TATGGGAA,0
AATCATTT,0
TACTGATA,0
AGGGATCA,0
TTTTGGAC,0
CCGCAAGA,0
TCCGTCGG,0
CTTGTTGT,0
GGGTATTA,0
TACGATTG,0
ACGTGCGG,0
TATGTCGT,0
ATGACGAG,0
CGATTTGA,0
TAACCTGC,0
CTCCATGA,0
AGGCTACT,0
CGCCTCTA,0
AAGCTCTA,0
TTTTTGAA,0
TGTCAAGC,0
ACAGCTCC,0
AACCGCGT,0
TACAATAC,0
GGGACGAC,0
AACAGGTA,0
AAGGATAG,0
GTGTCTAT,0
GTCGGGAA,0
AATATCAT,0
GCGGATTG,0
AGAACCTG,0
GCCCTATG,0
CGCTTCCG,0
TAGGGAGT,0
AATATCAT,0
CGCGACTC,0
GCTATCAA,0
AGCTCAGG,0
AAAGGCTT,0
GTAACAGT,0
AACTCGAA,0
TTATGTCG,0
CGAACGAG,0
TAGCTAGT,0
TGCGTGAT,0
GGAGCGAG,0
TATCTTGG,0
TCCGTTTC,0
TAGACCCG,0
CCACAAGG,0
GCCTGCAC,0
CCGGGTTG,0
TAAAGTAT,0
ATCACCCC,0
TGCGGCCA,0
AGAGGAGC,0
TCTGAGTG,0
TTAAGCTT,0
CATCTCGA,0
GCGAGTAA,0
AGGGACGC,0
TAGCCGGT,0
AAGGCAAT,0
AGCAGGTT,1
CACGGGTT,1
GATCGGTT,1
AATCAGTT,1
AACTGCTT,1
AACCGGTT,1
AGCCGGAT,1
AACCGGTC,1
AACCGGTT,1
AACCGGTC,1
AACGGCTT,1
CACGGGTT,1
AACGCGTT,1
AGCCGGTT,1
CACCGGCT,1
AACCGGTT,1
AACCAGTT,1
AGCCGGTA,1
AACCGGTT,1
AGGCGGTT,1
AACCGGTT,1
TACCGGGT,1
AACCGGTT,1
AACTGATT,1
AGCGGGTT,1
ACCCGATT,1
TAGCGGTT,1
AACCGGTT,1
TACCGGAT,1
AACCGGTT,1
AACTGGTT,1
AACCGGTT,1
AAGCGGTT,1
AACCGGTT,1
AACCGGTT,1
AACCGGTT,1
AACCGTTT,1
GATCGGTT,1
AACCGGTT,1
AACCGGTT,1
AACCGGTT,1
AAACGGTT,1
AACCGGTT,1
AACCGGTT,1
AACCGGTT,1
AACCGATT,1
AACTGGTA,1
ATACGGTT,1
ACCCGGCT,1
TTCCGGTT,1
CACTGGTT,1
AACCGGTT,1
AACCGGTT,1
AACCCGTT,1
AACCGGTT,1
AACCGGTT,1
AACCGGTT,1
AACGGGTT,1
AACCGATT,1
AACCCGTT,1
CACCGGTT,1
AACCGGTT,1
AACCAGTA,1
GACCGGTT,1
AACCGGTC,1
AACCGGTT,1
AACCGGTT,1
AACCGATG,1
AACCGGTT,1
AACCGGTT,1
TACAGGTT,1
AACCGGTT,1
AATCGATT,1
AACCGGGT,1
AAGCGCTT,1
AACCGGTG,1
AACTAGTT,1
AACCGGCT,1
AATCGGAT,1
ATCCGGCT,1
TACCGGTT,1
AACCGGTT,1
GACCGGAT,1
CACCGTTT,1
ATCCGGTT,1
AACCGGTT,1
ATCCGGTT,1
AACCGGTA,1
AACCGGTT,1
AACCGGTT,1
AACGGGTT,1
AACCGGTT,1
AACTGGTT,1
AACCGGAT,1
AACCGGTT,1
AATCGGTT,1
AACCGGTC,1
AACCGGTT,1
AATCGGCT,1
CAGCGGTT,1
AACCGGTT,1
AACCGGCT,1
AACCGTTT,1
TACCGGTT,1
AACCGGTT,1
AAGCGGTT,1
AACCGGTT,1
AACCGATA,1
AACCGGTT,1
AACCGGTT,1
AACCGGTT,1
AACCGGAT,1
AACCGGTT,1
AACCGGTT,1
AACCGGTT,1
AACCGGTA,1
AAACGGTT,1
AACTGGTT,1
AACCTGTT,1
AACCGCTC,1
CAACGGTT,1
AAACGGTT,1
AGCCGGTT,1
CACCGGAT,1
AACCGGTT,1
AATCGGTC,1
TACAGGTT,1
AACCGGTT,1
AGCCGGTG,1
AAGGGGTT,1
ACCCGGTT,1
AACAGGTT,1
AACCGGTT,1
AACCGGTC,1
AAGCGTTT,1
AACCGTTT,1
AACCCGTT,1
AACCGGTT,1
AACCGGTT,1
AGCCCGTT,1
ATTCGGTT,1
AACCAGGT,1
AATCGATT,1
AACCGGTT,1
AACCGCTG,1
AATCGGTT,1
AACCGGTC,1
AACTGGTT,1
AACCTGTT,1
AACCGGTT,1
AGCCGCTT,1
AACCGGTT,1
AACCGGTT,1
AACCGGTT,1
AACCGTTT,1
AACCGGTT,1
AACCAGCT,1
AACCGTTT,1
AACTGGAT,1
AACCGGTT,1
AACCGGTT,1
AACCGGTT,1
AACCGGTT,1
AACCGGTT,1
AACCGGTT,1
AACCGCCT,1
AACCTATT,1
AGCCGGTT,1
AACCGGTT,1
TACCAGTT,1
AAGCGGTT,1
AACCAGTT,1
AACCGGTT,1
ACCCGGCT,1
AACCGGTT,1
AACCGGGT,1
AACCGGTT,1
AACCGGTT,1
AACCGGTT,1
AACCGGTA,1
AACCGGTT,1
AACCGGTT,1
ATCCGTTT,1
AACCGGTT,1
ACCCGGAT,1
AACCGGTT,1
AACCGGTT,1
AACCGCTT,1
AAACGGTC,1
AACCGGCG,1
AATTGGTT,1
AACCGGTT,1
AACTGGTT,1
GACCGGTT,1
ATCCGGTT,1
AACCGGTT,1
AACCGATG,1
AACCGGTG,1
AACCGGTT,1
AACCGGTT,1
TGACGGAC,2
TGACTGAC,2
TGAAGGAC,2
TTACTGAC,2
GGACTGAT,2
TGAGTGGC,2
TGACTGAC,2
TGTCTGAT,2
CGACTGAT,2
TGAGTGAA,2
TGACTCAC,2
TCACTGAC,2
TGACTGAC,2
TGACTGAC,2
TGCCTGAC,2
AGACTGAC,2
TGACTAAT,2
AGATTGAC,2
TGACTGAC,2
TGCCGGAC,2
TGACTGAC,2
TGACTGAC,2
TGACTGAC,2
TGACTGAC,2
AGACTGAC,2
TAACTGAG,2
TGACTGGC,2
TGACGTAC,2
TGATCGAC,2
TAACTGAC,2
TGACTGAC,2
TGACTGAC,2
TGACTGAC,2
TGACTGAC,2
TCACAGAC,2
CGAGTGAC,2
TGTCTGAC,2
TGACGGAC,2
TTACTGAC,2
TGACTGAC,2
TGACTGAC,2
TGACTGAC,2
TGACTGAC,2
TGACCGAG,2
AGACTGAC,2
TGACTGAC,2
AGACTGAC,2
AGTCTGAC,2
TGACGGAA,2
TGACTGAC,2
TGACTGAC,2
TGACTGAC,2
TAACTGAC,2
TGACTGAG,2
TGACCGAC,2
CGACTGGC,2
TGACTGCC,2
TGTCTGAA,2
TGCCTGAC,2
TTAGTGAC,2
TCACTGAT,2
TGACTTAC,2
TAACTTAC,2
TAACTGGC,2
TGACTGAC,2
TGACTGAC,2
TGACCGAC,2
TCACTGAC,2
TGACTGAC,2
TGACTGAC,2
TGACATAC,2
TGACTGAC,2
TGACTGAC,2
TGACTGAA,2
TAACTGAC,2
TGACTGAC,2
TGACTGAC,2
TGACTGAG,2
TGACTGAC,2
TGACTGAC,2
TGACGGAC,2
TGACTGAC,2
TGGCAGAC,2
TCACTGAC,2
AGAGTGAC,2
TGAATGAC,2
TGACTTAC,2
TTACTGTC,2
TGACTGAC,2
TGACTGAC,2
TGACTGAC,2
CGACTGAC,2
TGACTGAC,2
GGACTGCC,2
TGTCTGAC,2
TGACTGAC,2
GTACTGAC,2
TGACTGAC,2
TGACTGAC,2
TAACCGAC,2
TGACTCAC,2
TGACTGAC,2
TGACTGCC,2
AGACTGAC,2
TAACTGCC,2
GGACTTAC,2
TGACGGAC,2
GGCCTGAC,2
TGAGTGGC,2
GGACTGTC,2
TGACTGAC,2
TGCCTGAG,2
TGACTGAT,2
TCACTGAC,2
TGACTGAC,2
TGAATGAC,2
TGACTGAC,2
TGACAGTC,2
TGAATGAA,2
TGTCTGCC,2
TGACTGCC,2
TGTCTGAC,2
GGACTGAT,2
GGAGTGAC,2
TGACTGAC,2
TGACTGAC,2
TGACTGAC,2
TGTCCGAC,2
TCACTGCC,2
TGACTTAC,2
TGACTGAC,2
TGACTGAC,2
TCGCTGAC,2
TGACTGAC,2
TGACTGAC,2
TGATTGAC,2
TGACGGAC,2
TGACTGAC,2
TGACTGAC,2
TGACTGAC,2
TGAATGGC,2
TGACCGAC,2
TGACTGAC,2
TGACTGAC,2
GGACCGAC,2
TGACTGAC,2
TGACTGAC,2
TGAATGTC,2
TGACTGAC,2
TTACTGAC,2
TGACGGAC,2
TGACTGAC,2
TGACTAAC,2
TAACTGAC,2
TGAGTGAA,2
TGACTTCC,2
TAACTGTC,2
TGACTGAC,2
TGACTGAC,2
ACACTGAC,2
TGACGCAC,2
TGAGAGAC,2
TGACTAGC,2
TGACTGAC,2
TGACCGAC,2
TGACTGAC,2
TGTCTGTC,2
TGACTGAG,2
TGCGTGAC,2
TGACTAAC,2
TGACTGAC,2
TGACGGAG,2
TGACTGCC,2
TGACGGTC,2
TGAGTGAC,2
TGACTGAC,2
TGACTGAC,2
TGACAGAC,2
TGACTATC,2
TGCCTGCC,2
TGACTGAC,2
TGACAAAC,2
TGGCTGAC,2
TGACTGTC,2
TGACTGTA,2
TGACTGAC,2
TGACTGAC,2
TGACTGAT,2
TGAATGTC,2
TGACGGAC,2
TGACTGAG,2
TGAATGGC,2
TGACTGAC,2
TGACTGAC,2
TGACTGAA,2
TGACTGAC,2
TGACTGTC,2
TGACTCAC,2
TGACTGAG,2
GTACTGAC,2
CAACTGCA,3
CAGCTGCA,3
CAGCTGCA,3
CAGCTGCT,3
CTGCTCCA,3
CAGCTGCA,3
CAGCTGCA,3
CAGCTGCA,3
CAGCTTAA,3
CAGCAGCA,3
CAGCTGCA,3
CAGCTGCA,3
CAGCTTCA,3
CAGCTGCA,3
CAGAGGCA,3
CAGCTGCA,3
CGGCTGAA,3
CAGCTGCA,3
CATCTGCA,3
GAGCTGCA,3
CAGCTGCA,3
TAGCTGCA,3
CAGCTGCA,3
CAGCTGCA,3
CAGGTGTA,3
CAGCTGCA,3
CAGCTGCA,3
CAGCTGTA,3
CAGCTGCA,3
CAGCTGCA,3
CAGCTGCA,3
CAGCTGCA,3
CAGCTGCA,3
CATTTGCA,3
CATCTGCA,3
CAGCTGCA,3
AAGGTGCA,3
CAGCTGCA,3
CAGCTGCA,3
CAGCTGCA,3
CAGCTGCA,3
CAGCGGCA,3
CAGCTGCT,3
CACCTGCG,3
CCGCTGCA,3
CAGCTGCG,3
CAGCTGCA,3
TAGTTGCA,3
AAGCTGCA,3
CAGCTGCA,3
CACCTGAA,3
CAGCTGCA,3
CAGCTGCC,3
CAACGGCA,3
CAGCTGGG,3
TAGCTGCA,3
CAGCTGCA,3
CAGCTGCA,3
GAGCAGCA,3
AAGCTGCA,3
CAGGTGCA,3
CAGCTGCA,3
CAGCTGCA,3
TAGCTGCA,3
CAGCTGCA,3
CAACAGCA,3
CAGCTGCA,3
GCGCTGCA,3
CTGCTGCA,3
CAGCTGCA,3
CAGCTCCA,3
AGGCTGCA,3
CTGCTTCA,3
CAGCTGCA,3
CGGCTGGA,3
CAGCTGTG,3
AAGATGCA,3
CAGTGGCA,3
AAGCTGTA,3
CACCTGCA,3
GAGCTTCA,3
CCGCTCCA,3
CAGCCGCA,3
CAGCTCCA,3
CAGCTGCA,3
GAGCTGGA,3
CAGCTGCA,3
CAGCTGCA,3
CAGCTGTA,3
CATCTGGA,3
CTGCTGCA,3
CAGCGTCA,3
CTGCTGCC,3
CAGCTGCA,3
CAGCTGGA,3
CAGCGGCA,3
CAGCTGCA,3
CAGCTACA,3
CAGCTGCA,3
CAGCTGCA,3
CAGCTGCA,3
CAGCCGCA,3
CAGCTGCC,3
CAGCTGCA,3
CAGGAGCA,3
CAGCTCCA,3
CTCCTGCA,3
CAGCTGCA,3
CAGCTGTA,3
CAGCTGCA,3
CAGCAACA,3
CAGCTGCA,3
CAGCTGCA,3
CAGCTGCA,3
CAGCTGCG,3
CAGGTGAA,3
AAGCTGGA,3
CAGATGTA,3
CTGCTCCA,3
CAGCTGCA,3
CGGCTGCA,3
CAGCTACA,3
CAGCTGCA,3
CAGTTGCG,3
CTGCTGCA,3
CACCTGCA,3
CAGCTTCA,3
CAGCTGCA,3
CAGCGCCA,3
CAGCTGCA,3
CAGCTGCA,3
CAGCTGCA,3
CAGCTGCC,3
CTGCTGCC,3
CGGCTGCA,3
CAGCTGCA,3
CAGCTGCA,3
CAGCTGCA,3
CACTTGCA,3
CAGCTGCA,3
CAGCTGCA,3
CAGTTTCA,3
CAGCTGAT,3
CAGCTCCA,3
CAGCTGCA,3
CAGCTGCA,3
TAGCAGCA,3
CAGCTGTA,3
CAGCTGCA,3
CGGCTGTA,3
CATCTGCA,3
CAGCTGCA,3
CAGCGGCG,3
TAGCTGCA,3
CACCAGCA,3
CAGCTGCA,3
CAGCTGCA,3
CATCTGCA,3
CAACTGCA,3
CAGCGGCA,3
CAGCTACA,3
CAGCTACT,3
CAGCTGCA,3
CAGCTGTA,3
CAGCGGCA,3
TATCTGCA,3
CAGCTCCA,3
CAGCTGCA,3
CATCTACA,3
CAGATGCA,3
CAGCTGCA,3
CAGCTGAA,3
CTGGTGCA,3
CAGCTGCA,3
CAGGTGCA,3
CAGCCGCA,3
CTGCTGCA,3
CAGCTGCA,3
AAGCAGCA,3
CAGCTGCA,3
CAGCCGGA,3
CAGCTGCA,3
AAGCCGCA,3
CAGCTGCA,3
CCGCTGCA,3
CAGCTACA,3
CATATGCA,3
GAGCTGCA,3
CAGCTGCA,3
GAGCTGCA,3
CAGCTGCA,3
CAGCTGCA,3
CAGCTGCC,3
CAGCGGCG,3
CAGCTGTA,3
CAGCTGCA,3
CAGGTGCT,3
AGGCTGCA,3
CAGCTGCA,3
CATGTGCA,3
